tier,rank,name,position,team,notes
1,1,Jahmyr Gibbs,RB,DET,Bye 6
1,2,Bijan Robinson,RB,ATL,Bye 11
1,3,Ja'Marr Chase,WR,CIN,Bye 6
2,4,Puka Nacua,WR,LA,Bye 11
2,5,Jaxon Smith-Njigba,WR,SEA,Bye 11
2,6,Christian McCaffrey,RB,SF,Bye 8
2,7,Amon-Ra St. Brown,WR,DET,Bye 6
2,8,James Cook,RB,BUF,Bye 7
3,9,Justin Jefferson,WR,MIN,Bye 6
3,10,CeeDee Lamb,WR,DAL,Bye 14
3,11,Jonathan Taylor,RB,IND,Bye 13
3,12,Ashton Jeanty,RB,LV,Bye 13
3,13,Kenneth Walker,RB,KC,Bye 5
3,14,Saquon Barkley,RB,PHI,Bye 10
3,15,Drake London,WR,ATL,Bye 11
3,16,Derrick Henry,RB,BAL,Bye 13
3,17,De'Von Achane,RB,MIA,Bye 6
3,18,Chase Brown,RB,CIN,Bye 6
3,19,Brock Bowers,TE,LV,Bye 13
3,20,A.J. Brown,WR,NE,Bye 11
3,21,Nico Collins,WR,HOU,Bye 8
3,22,Omarion Hampton,RB,LAC,Bye 7
3,23,Malik Nabers,WR,NYG,Bye 8
3,24,DeVonta Smith,WR,PHI,Bye 10
3,25,George Pickens,WR,DAL,Bye 14
4,26,Jeremiyah Love,RB,ARI,Bye 14
4,27,Rashee Rice,WR,KC,Bye 5
4,28,Trey McBride,TE,ARI,Bye 14
4,29,Chris Olave,WR,NO,Bye 8
4,30,Josh Allen,QB,BUF,Bye 7
4,31,Zay Flowers,WR,BAL,Bye 13
4,32,Josh Jacobs,RB,GB,Bye 11
4,33,Tee Higgins,WR,CIN,Bye 6
4,34,Emeka Egbuka,WR,TB,Bye 10
4,35,Breece Hall,RB,NYJ,Bye 13
4,36,Tetairoa McMillan,WR,CAR,Bye 5
4,37,Garrett Wilson,WR,NYJ,Bye 13
4,38,Colston Loveland,TE,CHI,Bye 10
4,39,Jaylen Waddle,WR,DEN,Bye 10
4,40,Javonte Williams,RB,DAL,Bye 14
4,41,Kyren Williams,RB,LA,Bye 11
4,42,Lamar Jackson,QB,BAL,Bye 13
4,43,Luther Burden,WR,CHI,Bye 10
4,44,Ladd McConkey,WR,LAC,Bye 7
4,45,Cam Skattebo,RB,NYG,Bye 8
4,46,Davante Adams,WR,LA,Bye 11
4,47,Mike Evans,WR,SF,Bye 8
4,48,Travis Etienne,RB,NO,Bye 8
4,49,Drake Maye,QB,NE,Bye 11
4,50,Jayden Daniels,QB,WAS,Bye 7
5,51,David Montgomery,RB,HOU,Bye 8
5,52,Jameson Williams,WR,DET,Bye 6
5,53,Quinshon Judkins,RB,CLE,Bye 11
5,54,Bhayshul Tuten,RB,JAC,Bye 7
5,55,Bucky Irving,RB,TB,Bye 10
5,56,D'Andre Swift,RB,CHI,Bye 10
5,57,Christian Watson,WR,GB,Bye 11
5,58,Terry McLaurin,WR,WAS,Bye 7
5,59,Joe Burrow,QB,CIN,Bye 6
5,60,Jalen Hurts,QB,PHI,Bye 10
5,61,DJ Moore,WR,BUF,Bye 7
5,62,Jadarian Price,RB,SEA,Bye 11
5,63,Jordyn Tyson,WR,NO,Bye 8
5,64,Rome Odunze,WR,CHI,Bye 10
5,65,TreVeyon Henderson,RB,NE,Bye 11
5,66,Tyler Warren,TE,IND,Bye 13
5,67,Carnell Tate,WR,TEN,Bye 9
5,68,Caleb Williams,QB,CHI,Bye 10
5,69,Rhamondre Stevenson,RB,NE,Bye 11
5,70,Brian Thomas,WR,JAC,Bye 7
5,71,Tucker Kraft,TE,GB,Bye 11
5,72,Parker Washington,WR,JAC,Bye 7
5,73,Jaylen Warren,RB,PIT,Bye 9
5,74,Justin Herbert,QB,LAC,Bye 7
6,75,DK Metcalf,WR,PIT,Bye 9
6,76,Tony Pollard,RB,TEN,Bye 9
6,77,Marvin Harrison,WR,ARI,Bye 14
6,78,Harold Fannin,TE,CLE,Bye 11
6,79,Josh Downs,WR,IND,Bye 13
6,80,Trevor Lawrence,QB,JAC,Bye 7
6,81,Jayden Reed,WR,GB,Bye 11
6,82,Chuba Hubbard,RB,CAR,Bye 5
6,83,Alec Pierce,WR,IND,Bye 13
6,84,Rico Dowdle,RB,PIT,Bye 9
6,85,Chris Godwin,WR,TB,Bye 10
6,86,Jaxson Dart,QB,NYG,Bye 8
6,87,RJ Harvey,RB,DEN,Bye 10
6,88,Brock Purdy,QB,SF,Bye 8
6,89,Dak Prescott,QB,DAL,Bye 14
6,90,Sam LaPorta,TE,DET,Bye 6
6,91,Courtland Sutton,WR,DEN,Bye 10
6,92,Makai Lemon,WR,PHI,Bye 10
6,93,Kyle Pitts,TE,ATL,Bye 11
6,94,Blake Corum,RB,LA,Bye 11
6,95,J.K. Dobbins,RB,DEN,Bye 10
6,96,Michael Wilson,WR,ARI,Bye 14
6,97,Jakobi Meyers,WR,JAC,Bye 7
6,98,Patrick Mahomes,QB,KC,Bye 5
7,99,Michael Pittman,WR,PIT,Bye 9
7,100,George Kittle,TE,SF,Bye 8
7,101,Stefon Diggs,WR,WAS,Bye 7
7,102,Quentin Johnston,WR,LAC,Bye 7
7,103,Kenneth Gainwell,RB,TB,Bye 10
7,104,Jordan Addison,WR,MIN,Bye 6
7,105,Bo Nix,QB,DEN,Bye 10
7,106,Kyler Murray,QB,MIN,Bye 6
7,107,Kyle Monangai,RB,CHI,Bye 10
7,108,Wan'Dale Robinson,WR,TEN,Bye 9
7,109,KC Concepcion,WR,CLE,Bye 11
7,110,Jordan Mason,RB,MIN,Bye 6
7,111,Jonathon Brooks,RB,CAR,Bye 5
7,112,Jacory Croskey-Merritt,RB,WAS,Bye 7
7,113,Rachaad White,RB,WAS,Bye 7
7,114,Matthew Stafford,QB,LA,Bye 11
7,115,Travis Kelce,TE,KC,Bye 5
7,116,Aaron Jones,RB,MIN,Bye 6
7,117,Jared Goff,QB,DET,Bye 6
7,118,Jordan Love,QB,GB,Bye 11
7,119,Chris Rodriguez,RB,JAC,Bye 7
7,120,Dalton Kincaid,TE,BUF,Bye 7
7,121,Romeo Doubs,WR,NE,Bye 11
7,122,Mark Andrews,TE,BAL,Bye 13
7,123,Malik Willis,QB,MIA,Bye 6
7,124,Xavier Worthy,WR,KC,Bye 5
7,125,Dallas Goedert,TE,PHI,Bye 10
7,126,Baker Mayfield,QB,TB,Bye 10
7,127,Matthew Golden,WR,GB,Bye 11
7,128,Jake Ferguson,TE,DAL,Bye 14
7,129,Tyler Shough,QB,NO,Bye 8
7,130,Isaiah Likely,TE,NYG,Bye 8
8,131,Omar Cooper,WR,NYJ,Bye 13
8,132,Khalil Shakir,WR,BUF,Bye 7
8,133,Deebo Samuel,WR,SF,Bye 8
8,134,Tyrone Tracy,RB,NYG,Bye 8
8,135,Oronde Gadsden,TE,LAC,Bye 7
8,136,Keaton Mitchell,RB,LAC,Bye 7
8,137,Chig Okonkwo,TE,WAS,Bye 7
8,138,De'Zhaun Stribling,WR,SF,Bye 8
8,139,Zach Charbonnet,RB,SEA,Bye 11
8,140,Jayden Higgins,WR,HOU,Bye 8
8,141,Tyler Allgeier,RB,ARI,Bye 14
8,142,Rashid Shaheed,WR,SEA,Bye 11
8,143,C.J. Stroud,QB,HOU,Bye 8
8,144,Jalen Coker,WR,CAR,Bye 5
8,145,Travis Hunter,WR,JAC,Bye 7
8,146,Denzel Boston,WR,CLE,Bye 11
8,147,Sam Darnold,QB,SEA,Bye 11
8,148,Kenyon Sadiq,TE,NYJ,Bye 13
8,149,Jo'quavioius Marks,RB,HOU,Bye 8
8,150,Hunter Henry,TE,NE,Bye 11
8,151,Juwan Johnson,TE,NO,Bye 8
8,152,Alvin Kamara,RB,NO,Bye 8
8,153,Texans D/ST,D/ST,HOU,Bye 8
8,154,Tyjae Spears,RB,TEN,Bye 9
8,155,Isiah Pacheco,RB,DET,Bye 6
8,156,Brenton Strange,TE,JAC,Bye 7
8,157,Broncos D/ST,D/ST,DEN,Bye 10
8,158,Daniel Jones,QB,IND,Bye 13
8,159,Jonah Coleman,RB,DEN,Bye 10
8,160,Jauan Jennings,WR,MIN,Bye 6
8,161,Seahawks D/ST,D/ST,SEA,Bye 11
8,162,Cam Ward,QB,TEN,Bye 9
8,163,Rams D/ST,D/ST,LA,Bye 11
8,164,Tank Bigsby,RB,PHI,Bye 10
8,165,Brian Robinson,RB,ATL,Bye 11
8,166,Jalen McMillan,WR,TB,Bye 10
8,167,Calvin Ridley,WR,TEN,Bye 9
8,168,MarShawn Lloyd,RB,GB,Bye 11
8,169,Eagles D/ST,D/ST,PHI,Bye 10
8,170,Dalton Schultz,TE,HOU,Bye 8
8,171,Dylan Sampson,RB,CLE,Bye 11
8,172,Germie Bernard,WR,PIT,Bye 9
8,173,T.J. Hockenson,TE,MIN,Bye 6
8,174,Jalen Nailor,WR,LV,Bye 13
8,175,Chargers D/ST,D/ST,LAC,Bye 7
8,176,Vikings D/ST,D/ST,MIN,Bye 6
8,177,Sean Tucker,RB,TB,Bye 10
9,178,Bryce Young,QB,CAR,Bye 5
9,179,Jerry Jeudy,WR,CLE,Bye 11
9,180,Adonai Mitchell,WR,NYJ,Bye 13
9,181,Brandon Aubrey,K,DAL,Bye 14
9,182,Kaytron Allen,RB,WAS,Bye 7
9,183,Nicholas Singleton,RB,TEN,Bye 9
9,184,Tre Tucker,WR,LV,Bye 13
9,185,Zachariah Branch,WR,ATL,Bye 11
9,186,Ravens D/ST,D/ST,BAL,Bye 13
9,187,Terrance Ferguson,TE,LA,Bye 11
9,188,Tank Dell,WR,HOU,Bye 8
9,189,Emmett Johnson,RB,KC,Bye 5
9,190,Patriots D/ST,D/ST,NE,Bye 11
9,191,Kaelon Black,RB,SF,Bye 8
9,192,Mike Washington,RB,LV,Bye 13
9,193,Ka'imi Fairbairn,K,HOU,Bye 8
9,194,Ryan Flournoy,WR,DAL,Bye 14
9,195,Kayshon Boutte,WR,NE,Bye 11
9,196,Steelers D/ST,D/ST,PIT,Bye 9
9,197,Antonio Williams,WR,WAS,Bye 7
9,198,Gunnar Helm,TE,TEN,Bye 9
9,199,AJ Barner,TE,SEA,Bye 11
9,200,Tre Harris,WR,LAC,Bye 7
9,201,Cameron Dicker,K,LAC,Bye 7
9,202,Cam Little,K,JAC,Bye 7
9,203,Isaac TeSlaa,WR,DET,Bye 6
9,204,Kimani Vidal,RB,LAC,Bye 7
9,205,Aaron Rodgers,QB,PIT,Bye 9
9,206,Ray Davis,RB,BUF,Bye 7
9,207,Jaydon Blue,RB,DAL,Bye 14
9,208,Greg Dulcich,TE,MIA,Bye 6
9,209,Jason Myers,K,SEA,Bye 11
9,210,Dontayvion Wicks,WR,PHI,Bye 10
9,211,Chris Bell,WR,MIA,Bye 6
9,212,Elijah Sarratt,WR,BAL,Bye 13
9,213,Brandon Aiyuk,WR,SF,Bye 8
9,214,James Conner,RB,ARI,Bye 14
9,215,Pat Bryant,WR,DEN,Bye 10
9,216,Braelon Allen,RB,NYJ,Bye 13
9,217,Jordan James,RB,SF,Bye 8
9,218,Malik Washington,WR,MIA,Bye 6
9,219,Jaguars D/ST,D/ST,JAC,Bye 7
9,220,Browns D/ST,D/ST,CLE,Bye 11
9,221,Eddy Pineiro,K,SF,Bye 8
9,222,Cade Otton,TE,TB,Bye 10
9,223,Packers D/ST,D/ST,GB,Bye 11
9,224,Geno Smith,QB,NYJ,Bye 13
9,225,Fernando Mendoza,QB,LV,Bye 13
9,226,Bills D/ST,D/ST,BUF,Bye 7
9,227,Ted Hurst,WR,TB,Bye 10
9,228,Tyquan Thornton,WR,KC,Bye 5
9,229,Jacoby Brissett,QB,ARI,Bye 14
9,230,Evan McPherson,K,CIN,Bye 6
9,231,Demond Claiborne,RB,MIN,Bye 6
9,232,Chiefs D/ST,D/ST,KC,Bye 5
9,233,Pat Freiermuth,TE,PIT,Bye 9
9,234,Bryce Lance,WR,NO,Bye 8
9,235,Darnell Mooney,WR,NYG,Bye 8
9,236,Rashod Bateman,WR,BAL,Bye 13
9,237,George Holani,RB,SEA,Bye 11
9,238,Justice Hill,RB,BAL,Bye 13
9,239,Tyler Loop,K,BAL,Bye 13
9,240,Andres Borregales,K,NE,Bye 11
9,241,Caleb Douglas,WR,MIA,Bye 6
9,242,Adam Randall,RB,BAL,Bye 13
9,243,Keenan Allen,WR,FA,Free agent
9,244,Jake Bates,K,DET,Bye 6
9,245,Cooper Kupp,WR,SEA,Bye 11
9,246,Tyreek Hill,WR,FA,Free agent
9,247,Eli Stowers,TE,PHI,Bye 10
9,248,Elic Ayomanor,WR,TEN,Bye 9
9,249,Emanuel Wilson,RB,SEA,Bye 11
9,250,Troy Franklin,WR,DEN,Bye 10
9,251,Chase McLaughlin,K,TB,Bye 10
9,252,Jaylin Noel,WR,HOU,Bye 8
9,253,Malachi Fields,WR,NYG,Bye 8
9,254,Cairo Santos,K,CHI,Bye 10
9,255,Ja'Kobi Lane,WR,BAL,Bye 13
9,256,Skyler Bell,WR,BUF,Bye 7
9,257,Chimere Dike,WR,TEN,Bye 9
9,258,Chris Brazzell,WR,CAR,Bye 5
9,259,Christian Kirk,WR,SF,Bye 8
9,260,Tua Tagovailoa,QB,ATL,Bye 11
9,261,Harrison Mevis,K,LA,Bye 11
9,262,Lions D/ST,D/ST,DET,Bye 6
9,263,David Njoku,TE,LAC,Bye 7
9,264,Chris Boswell,K,PIT,Bye 9
9,265,Isaiah Davis,RB,NYJ,Bye 13
9,266,Saints D/ST,D/ST,NO,Bye 8
9,267,Mike Gesicki,TE,CIN,Bye 6
9,268,Seth McGowan,RB,IND,Bye 13
10,269,Evan Engram,TE,DEN,Bye 10
10,270,Samaje Perine,RB,CIN,Bye 6
10,271,Kaleb Johnson,RB,PIT,Bye 9
10,272,Tory Horton,WR,SEA,Bye 11
10,273,Jaylen Wright,RB,MIA,Bye 6
10,274,DJ Giddens,RB,IND,Bye 13
10,275,Colby Parkinson,TE,LA,Bye 11
10,276,Jack Bech,WR,LV,Bye 13
10,277,Harrison Butker,K,KC,Bye 5
10,278,Theo Johnson,TE,NYG,Bye 8
10,279,Chris Brooks,RB,GB,Bye 11
10,280,Jake Tonges,TE,SF,Bye 8
10,281,Darius Slayton,WR,NYG,Bye 8
10,282,Mason Taylor,TE,NYJ,Bye 13
10,283,Najee Harris,RB,FA,Free agent
10,284,Wil Lutz,K,DEN,Bye 10
10,285,Ollie Gordon,RB,MIA,Bye 6
10,286,Kyle Williams,WR,NE,Bye 11
10,287,Erick All,TE,CIN,Bye 6
10,288,Keon Coleman,WR,BUF,Bye 7
10,289,Ty Johnson,RB,BUF,Bye 7
10,290,Michael Mayer,TE,LV,Bye 13
10,291,Charlie Kolar,TE,LAC,Bye 7
10,292,Emari Demercado,RB,KC,Bye 5
10,293,Xavier Legette,WR,CAR,Bye 5
10,294,Max Klare,TE,LA,Bye 11
10,295,Hollywood Brown,WR,PHI,Bye 10
10,296,49ers D/ST,D/ST,SF,Bye 8
10,297,Malik Davis,RB,DAL,Bye 14
10,298,Devin Neal,RB,NO,Bye 8
10,299,Devaughn Vele,WR,NO,Bye 8
10,300,Brenen Thompson,WR,LAC,Bye 7
10,301,Kendre Miller,RB,NO,Bye 8
10,302,Trey Benson,RB,ARI,Bye 14
10,303,Shedeur Sanders,QB,CLE,Bye 11
10,304,Marvin Mims,WR,DEN,Bye 10
10,305,Michael Penix,QB,ATL,Bye 11
10,306,Brashard Smith,RB,KC,Bye 5
10,307,Charlie Smyth,K,NO,Bye 8
10,308,Falcons D/ST,D/ST,ATL,Bye 11
10,309,Mack Hollins,WR,NE,Bye 11
10,310,Joe Mixon,RB,FA,Free agent
10,311,Roman Wilson,WR,PIT,Bye 9
10,312,LeQuint Allen,RB,JAC,Bye 7
10,313,Oscar Delp,TE,NO,Bye 8
10,314,Deshaun Watson,QB,CLE,Bye 11
10,315,J.J. McCarthy,QB,MIN,Bye 6
10,316,Cyrus Allen,WR,KC,Bye 5
10,317,Darren Waller,TE,FA,Free agent
10,318,Darnell Washington,TE,PIT,Bye 9
10,319,Devin Singletary,RB,NYG,Bye 8
10,320,Jerome Ford,RB,WAS,Bye 7
10,321,Dawson Knox,TE,BUF,Bye 7
10,322,Kirk Cousins,QB,LV,Bye 13
10,323,Isaiah Bond,WR,CLE,Bye 11
10,324,Antonio Gibson,RB,FA,Free agent
10,325,Damien Martinez,RB,GB,Bye 11
10,326,Isaac Guerendo,RB,SF,Bye 8
10,327,Phil Mafah,RB,DAL,Bye 14
10,328,Elijah Arroyo,TE,SEA,Bye 11
10,329,Trevor Etienne,RB,CAR,Bye 5
10,330,Kevin Coleman,WR,MIA,Bye 6
10,331,Panthers D/ST,D/ST,CAR,Bye 5
10,332,Eli Raridon,TE,NE,Bye 11
10,333,Eli Heidenreich,RB,PIT,Bye 9
10,334,Zavion Thomas,WR,CHI,Bye 10
10,335,DeMario Douglas,WR,NE,Bye 11
10,336,Kendrick Bourne,WR,ARI,Bye 14
10,337,Jalen Royals,WR,KC,Bye 5
10,338,Will Reichard,K,MIN,Bye 6
10,339,Will Shipley,RB,PHI,Bye 10
10,340,Jaleel McLaughlin,RB,DEN,Bye 10
10,341,Audric Estime,RB,NO,Bye 8
10,342,Jarquez Hunter,RB,LA,Bye 11
10,343,Tahj Brooks,RB,CIN,Bye 6
10,344,Malik Benson,WR,LV,Bye 13
10,345,Tai Felton,WR,MIN,Bye 6
10,346,Michael Carter,RB,TEN,Bye 9
10,347,Devontez Walker,WR,BAL,Bye 13
10,348,Ja'Tavion Sanders,TE,CAR,Bye 5
10,349,KaVontae Turpin,WR,DAL,Bye 14
10,350,Zane Gonzalez,K,MIA,Bye 6
10,351,Odell Beckham,WR,NYG,Bye 8
10,352,Cole Kmet,TE,CHI,Bye 10
10,353,Jaylin Lane,WR,WAS,Bye 7
10,354,Buccaneers D/ST,D/ST,TB,Bye 10
10,355,Andrei Iosivas,WR,CIN,Bye 6
10,356,Raheim Sanders,RB,CLE,Bye 11
10,357,Bears D/ST,D/ST,CHI,Bye 10
10,358,Cedric Tillman,WR,CLE,Bye 11
10,359,Justin Joly,TE,DEN,Bye 10
10,360,Jared Wiley,TE,KC,Bye 5
10,361,Noah Gray,TE,KC,Bye 5
10,362,Kareem Hunt,RB,FA,Free agent
10,363,Nate Boerkircher,TE,JAC,Bye 7
10,364,Ben Sinnott,TE,WAS,Bye 7
10,365,Colts D/ST,D/ST,IND,Bye 13
10,366,Deion Burks,WR,IND,Bye 13
10,367,Luke McCaffrey,WR,WAS,Bye 7
10,368,J'Mari Taylor,RB,JAC,Bye 7
10,369,Titans D/ST,D/ST,TEN,Bye 9
10,370,Giants D/ST,D/ST,NYG,Bye 8
10,371,Julian Hill,TE,NE,Bye 11
10,372,Daniel Bellinger,TE,TEN,Bye 9
10,373,Marlin Klein,TE,HOU,Bye 8
10,374,Olamide Zaccheaus,WR,ATL,Bye 11
10,375,Justin Fields,QB,KC,Bye 5
10,376,Jalen Tolbert,WR,MIA,Bye 6
10,377,Carson Beck,QB,ARI,Bye 14
10,378,Taylen Green,QB,CLE,Bye 11
10,379,Ashton Dulin,WR,IND,Bye 13
10,380,Joshua Palmer,WR,BUF,Bye 7
10,381,Jonnu Smith,TE,FA,Free agent
10,382,Calvin Austin,WR,NYG,Bye 8
10,383,Cade Klubnik,QB,NYJ,Bye 13
10,384,Mac Jones,QB,SF,Bye 8
10,385,Tyler Higbee,TE,LA,Bye 11
10,386,Marcus Mariota,QB,WAS,Bye 7
10,387,Raiders D/ST,D/ST,LV,Bye 13
10,388,Konata Mumpfield,WR,LA,Bye 11
10,389,Roman Hemby,RB,LV,Bye 13
10,390,Savion Williams,WR,GB,Bye 11
10,391,Jets D/ST,D/ST,NYJ,Bye 13
10,392,Anthony Richardson,QB,IND,Bye 13
10,393,Dont'e Thornton,WR,LV,Bye 13
10,394,Jawhar Jordan,RB,HOU,Bye 8
10,395,Ty Simpson,QB,LA,Bye 11
10,396,Tez Johnson,WR,TB,Bye 10
10,397,Cowboys D/ST,D/ST,DAL,Bye 14
10,398,Dameon Pierce,RB,PHI,Bye 10
10,399,Austin Hooper,TE,ATL,Bye 11
10,400,Terrell Jennings,RB,NE,Bye 11
10,401,Michael Trigg,TE,DAL,Bye 14
10,402,Jam Miller,RB,NE,Bye 11
10,403,Dolphins D/ST,D/ST,MIA,Bye 6
10,404,Commanders D/ST,D/ST,WAS,Bye 7
10,405,Bengals D/ST,D/ST,CIN,Bye 6
10,406,Jahan Dotson,WR,ATL,Bye 11
10,407,Emmanuel Henderson,WR,SEA,Bye 11
10,408,Cardinals D/ST,D/ST,ARI,Bye 14
10,409,Colbie Young,WR,CIN,Bye 6
10,410,Van Jefferson,WR,WAS,Bye 7
10,411,Zonovan Knight,RB,ARI,Bye 14
10,412,John Metchie,WR,CAR,Bye 5
10,413,Austin Ekeler,RB,FA,Free agent
10,414,Will Kacmarek,TE,MIA,Bye 6
10,415,Eric McAlister,WR,FA,Free agent
10,416,Kalif Raymond,WR,CHI,Bye 10
10,417,Brandin Cooks,WR,FA,Free agent
10,418,Le'Veon Moss,RB,MIA,Bye 6
10,419,Isaiah Hodgins,WR,NYG,Bye 8
10,420,Tutu Atwell,WR,MIA,Bye 6
10,421,DeAndre Hopkins,WR,FA,Free agent
10,422,Xavier Hutchinson,WR,HOU,Bye 8
10,423,Tanner Koziol,TE,JAC,Bye 7
10,424,KeAndre Lambert-Smith,WR,LAC,Bye 7
10,425,Dyami Brown,WR,WAS,Bye 7
10,426,Efton Chism,WR,NE,Bye 11
10,427,Reggie Virgil,WR,ARI,Bye 14
10,428,Kendrick Law,WR,DET,Bye 6
10,429,Treylon Burks,WR,WAS,Bye 7
10,430,Kaden Wetjen,WR,PIT,Bye 9
10,431,Nick Westbrook-Ikhine,WR,IND,Bye 13
10,432,CJ Daniels,WR,LA,Bye 11
10,433,Caullin Lacy,WR,NYJ,Bye 13
10,434,Sam Roush,TE,CHI,Bye 10
10,435,Dillon Bell,WR,MIN,Bye 6
10,436,Noah Fant,TE,NO,Bye 8
10,437,Foster Moreau,TE,HOU,Bye 8
10,438,Luke Musgrave,TE,GB,Bye 11
10,439,John Bates,TE,WAS,Bye 7
10,440,Elijah Higgins,TE,ARI,Bye 14
10,441,Zach Ertz,TE,FA,Free agent
10,442,Thomas Fidone,TE,NYG,Bye 8
10,443,Taysom Hill,TE,FA,Free agent
10,444,Matthew Hibner,TE,BAL,Bye 13
10,445,Tommy Tremble,TE,CAR,Bye 5
10,446,Chad Ryland,K,ARI,Bye 14
10,447,Jake Elliott,K,PHI,Bye 10
10,448,Brandon McManus,K,FA,Free agent
10,449,Blake Grupe,K,IND,Bye 13
10,450,Ryan Fitzgerald,K,CAR,Bye 5
10,451,Daniel Carlson,K,FA,Free agent
10,452,Nick Folk,K,ATL,Bye 11
10,453,Tyler Bass,K,BUF,Bye 7
10,454,Joey Slye,K,TEN,Bye 9
10,455,Trey Smack,K,GB,Bye 11
